sample,distance_to_centroid
488-1,0.762759959664028
848-1,0.8364493623552316
848-4,0.8669613792142935
998-1,0.8064972580927582
998-4,0.8356669074541099
