term,df,SumOfSqs,R2,statistic,p.value
Transect,7,5.564957779463746,0.10859880063041491,1.9496513079077737,1e-4
Position,2,3.0251029146971353,0.05903414928537671,3.7093966042041178,1e-4
Upwelling,1,0.6537110771693921,0.012757013036360105,1.6031677058005354,0.0255
Residual,103,41.99949930679605,0.8196100370478484,NA,NA
Total,113,51.24327107812631,1,NA,NA
