"Mean","SD"
-0.466328725374751,0.0730179349055291
